"Season","Agency","Program","SubProgram","FundedpropertyID","FOCode","Status","PropertySeedZone","Area","RequestedSeedlings","ApprovedSeedlings","DirectSeeded"
"2020","Ausable Bayfield Conservation Authority","Forests Ontario's 50 Million Tree Program","","8993","2020.039","13","32","3.5","5500","5500",""
"2020","Ausable Bayfield Conservation Authority","Forests Ontario's 50 Million Tree Program","","8994","2020.040","13","37","2.4","4000","4000",""
"2020","Ausable Bayfield Conservation Authority","Forests Ontario's 50 Million Tree Program","","8995","2020.041","13","37","1.2","2000","2000",""
"2020","Ausable Bayfield Conservation Authority","Forests Ontario's 50 Million Tree Program","","8996","2020.042","13","37","0.3","500","500",""
"2020","Ausable Bayfield Conservation Authority","Forests Ontario's 50 Million Tree Program","","8997","2020.043","13","37","0.5","900","900",""
"2020","Ausable Bayfield Conservation Authority","Forests Ontario's 50 Million Tree Program","","9317","2020.220","13","38","0.7","1240","1240",""
"2020","Ausable Bayfield Conservation Authority","Forests Ontario's 50 Million Tree Program","Highway of Heroes","9387","2020.314","13","37","0.6","500","500",""
"2020","Ausable Bayfield Conservation Authority","Forests Ontario's 50 Million Tree Program","","9275","2020.315","13","37","1.05","1700","1700",""
"2020","Ausable Bayfield Conservation Authority","Forests Ontario's 50 Million Tree Program","","9276","2020.316","13","38","1.4","650","650",""
"2020","Ausable Bayfield Conservation Authority","Forests Ontario's 50 Million Tree Program","","9363","2020.489","13","32","0.4","650","650",""
"2020","Ausable Bayfield Conservation Authority","Forests Ontario's 50 Million Tree Program","","9388","2020.490","13","32","0.5","700","700",""
"2020","Ausable Bayfield Conservation Authority","Forests Ontario's 50 Million Tree Program","","9390","2020.491","13","32","0.8","1200","1200",""
"2020","Ausable Bayfield Conservation Authority","Forests Ontario's 50 Million Tree Program","","9535","2020.525","13","38","0.49","650","650",""
"2020","Bartram Woodlands","Forests Ontario's 50 Million Tree Program","Highway of Heroes","9151","2020.305","13","32","0.543","1062","1062",""
"2020","Bartram Woodlands","Forests Ontario's 50 Million Tree Program","","9338","2020.306","13","32","2.0","3700","3700",""
"2020","Bartram Woodlands","Forests Ontario's 50 Million Tree Program","","9247","2020.317","13","32","3.24","6000","6000",""
"2020","Bartram Woodlands","Forests Ontario's 50 Million Tree Program","","9279","2020.318","13","32","1.03","1900","1900",""
"2020","Bartram Woodlands","Forests Ontario's 50 Million Tree Program","Highway of Heroes","9352","2020.362","13","32","0.66","1500","1500",""
"2020","Bartram Woodlands","Forests Ontario's 50 Million Tree Program","Highway of Heroes","9386","2020.379","13","37","3.3","5150","5150",""
"2020","Bartram Woodlands","Forests Ontario's 50 Million Tree Program","","9553","2020.546","13","37","1.3","2550","2550",""
"2020","Bartram Woodlands","Forests Ontario's 50 Million Tree Program","","9561","2020.558","13","37","6.63","13120","13120",""
"2020","Bartram Woodlands","Forests Ontario's 50 Million Tree Program","","9571","2020.565","13","37","2.25","4450","4450",""
"2020","Bartram Woodlands","Forests Ontario's 50 Million Tree Program","","9572","2020.566","13","37","0.41","670","670",""
"2020","Bartram Woodlands","Forests Ontario's 50 Million Tree Program","","9560","2020.572","13","37","1.54","3050","3050",""
"2020","Brinkman Reforestation Ltd.","Forests Ontario's 50 Million Tree Program","Highway of Heroes","9464","2020.462","13","34","3.55","7750","7750",""
"2020","Brinkman Reforestation Ltd.","Forests Ontario's 50 Million Tree Program","","9511","2020.507","13","34","5.9","12100","12100",""
"2020","Carbon Sink","Forests Ontario's 50 Million Tree Program","Highway of Heroes","9128","2020.138","13","34","1.0","2100","2100",""
"2020","Carbon Sink","Forests Ontario's 50 Million Tree Program","GrandTrees","9295","2020.221","13","34","2.0","4000","4000",""
"2020","Carbon Sink","Forests Ontario's 50 Million Tree Program","GrandTrees","9351","2020.302","13","34","1.25","2400","2400",""
"2020","Cataraqui Region Conservation Authority","Forests Ontario's 50 Million Tree Program","Highway of Heroes","9224","2020.168","13","36","2.0","4000","4000",""
"2020","Cataraqui Region Conservation Authority","Forests Ontario's 50 Million Tree Program","Highway of Heroes","9226","2020.169","13","36","4.0","8000","8000",""
"2020","Cataraqui Region Conservation Authority","Forests Ontario's 50 Million Tree Program","Highway of Heroes","9228","2020.170","13","36","2.5","5050","5050",""
"2020","Cataraqui Region Conservation Authority","Forests Ontario's 50 Million Tree Program","Highway of Heroes","9230","2020.171","13","36","1.0","2000","2000",""
"2020","Cataraqui Region Conservation Authority","Forests Ontario's 50 Million Tree Program","Highway of Heroes","9231","2020.172","13","36","8.0","13200","13200",""
"2020","Cataraqui Region Conservation Authority","Forests Ontario's 50 Million Tree Program","Highway of Heroes","9233","2020.173","13","36","8.0","16000","16000",""
"2020","Cataraqui Region Conservation Authority","Forests Ontario's 50 Million Tree Program","Highway of Heroes","9234","2020.174","13","36","1.0","2000","2000",""
"2020","Cataraqui Region Conservation Authority","Forests Ontario's 50 Million Tree Program","Highway of Heroes","9236","2020.175","13","36","3.35","6550","6550",""
"2020","Cataraqui Region Conservation Authority","Forests Ontario's 50 Million Tree Program","Highway of Heroes","9239","2020.176","13","36","2.0","4000","4000",""
"2020","Cataraqui Region Conservation Authority","Forests Ontario's 50 Million Tree Program","Highway of Heroes","9241","2020.177","13","36","3.1","6150","6150",""
"2020","Cataraqui Region Conservation Authority","Forests Ontario's 50 Million Tree Program","Highway of Heroes","9242","2020.178","13","36","6.9","13700","13700",""
"2020","Cataraqui Region Conservation Authority","Forests Ontario's 50 Million Tree Program","Highway of Heroes","9244","2020.179","13","36","2.0","4000","4000",""
"2020","Cataraqui Region Conservation Authority","Forests Ontario's 50 Million Tree Program","Highway of Heroes","9245","2020.180","13","36","6.1","12000","12000",""
"2020","Cataraqui Region Conservation Authority","Forests Ontario's 50 Million Tree Program","Highway of Heroes","9260","2020.196","13","36","2.0","4000","4000",""
"2020","Cataraqui Region Conservation Authority","Forests Ontario's 50 Million Tree Program","Highway of Heroes","9261","2020.197","13","36","2.0","4000","4000",""
"2020","Cataraqui Region Conservation Authority","Forests Ontario's 50 Million Tree Program","Highway of Heroes","9262","2020.198","13","36","2.0","4000","4000",""
"2020","Cataraqui Region Conservation Authority","Forests Ontario's 50 Million Tree Program","Highway of Heroes","9263","2020.199","13","36","2.0","4000","4000",""
"2020","Cataraqui Region Conservation Authority","Forests Ontario's 50 Million Tree Program","Highway of Heroes","9264","2020.200","13","36","4.0","8000","8000",""
"2020","Cataraqui Region Conservation Authority","Forests Ontario's 50 Million Tree Program","Highway of Heroes","9265","2020.201","13","36","1.0","2000","2000",""
"2020","Cataraqui Region Conservation Authority","Forests Ontario's 50 Million Tree Program","Highway of Heroes","9266","2020.202","13","36","4.0","8000","8000",""
"2020","Cataraqui Region Conservation Authority","Forests Ontario's 50 Million Tree Program","Highway of Heroes","9292","2020.214","13","36","2.8","5600","5600",""
"2020","Cataraqui Region Conservation Authority","Forests Ontario's 50 Million Tree Program","Highway of Heroes","9293","2020.215","13","36","1.5","3000","3000",""
"2020","Cataraqui Region Conservation Authority","Forests Ontario's 50 Million Tree Program","Highway of Heroes","9294","2020.216","13","36","1.0","2000","2000",""
"2020","Cataraqui Region Conservation Authority","Forests Ontario's 50 Million Tree Program","Highway of Heroes","9375","2020.319","13","36","1.0","2000","2000",""
"2020","Cataraqui Region Conservation Authority","Forests Ontario's 50 Million Tree Program","Highway of Heroes","9376","2020.320","13","36","1.0","2000","2000",""
"2020","Cataraqui Region Conservation Authority","Forests Ontario's 50 Million Tree Program","Highway of Heroes","9420","2020.381","13","36","2.0","4050","4050",""
"2020","Cataraqui Region Conservation Authority","Forests Ontario's 50 Million Tree Program","Highway of Heroes","9442","2020.418","13","36","3.1","4700","4700",""
"2020","Cataraqui Region Conservation Authority","Forests Ontario's 50 Million Tree Program","Highway of Heroes","9545","2020.538","13","36","2.2","4400","4400",""
"2020","Catfish Creek Conservation Authority","Forests Ontario's 50 Million Tree Program","Highway of Heroes","9526","2020.539","13","37","1.0","2150","2150",""
"2020","Conservation Halton","Forests Ontario's 50 Million Tree Program","Highway of Heroes","9101","2020.147","13","34","1.96","3520","3520",""
"2020","Conservation Halton","Forests Ontario's 50 Million Tree Program","Highway of Heroes","9258","2020.203","13","34","2.94","840","840",""
"2020","Conservation Halton","Forests Ontario's 50 Million Tree Program","Highway of Heroes","9272","2020.204","13","34","3.0","1100","1100",""
"2020","Conservation Halton","Forests Ontario's 50 Million Tree Program","Highway of Heroes","9280","2020.208","13","34","0.5","1000","1000",""
"2020","Conservation Halton","Forests Ontario's 50 Million Tree Program","Highway of Heroes","9281","2020.209","13","34","6.9","1000","1000",""
"2020","Conservation Halton","Forests Ontario's 50 Million Tree Program","Highway of Heroes","9283","2020.210","13","34","2.74","1000","1000",""
"2020","Conservation Halton","Forests Ontario's 50 Million Tree Program","Highway of Heroes","9410","2020.417","13","34","16.2","2500","2500",""
"2020","Conservation Halton","Forests Ontario's 50 Million Tree Program","Highway of Heroes","9446","2020.441","13","34","2.5","1000","1000",""
"2020","Conservation Halton","Forests Ontario's 50 Million Tree Program","Highway of Heroes","9455","2020.442","13","34","0.5","920","920",""
"2020","Conservation Halton","Forests Ontario's 50 Million Tree Program","Highway of Heroes","9509","2020.513","13","37","0.54","540","540",""
"2020","Conservation Halton","Forests Ontario's 50 Million Tree Program","Highway of Heroes","9530","2020.521","13","34","2.15","1420","1420",""
"2020","Conservation Sudbury","Forests Ontario's 50 Million Tree Program","","9311","2020.321","13","27","2.9","6160","6160",""
"2020","Credit Valley Conservation","Forests Ontario's 50 Million Tree Program","GrandTrees","9095","2020.109","13","34","7.343","12310","12310",""
"2020","Credit Valley Conservation","Forests Ontario's 50 Million Tree Program","Highway of Heroes","9104","2020.110","13","34","0.28","520","520",""
"2020","Credit Valley Conservation","Forests Ontario's 50 Million Tree Program","Highway of Heroes","9105","2020.111","13","34","0.486","820","820",""
"2020","Credit Valley Conservation","Forests Ontario's 50 Million Tree Program","","9106","2020.112","13","32","0.46","900","900",""
"2020","Credit Valley Conservation","Forests Ontario's 50 Million Tree Program","Highway of Heroes","9108","2020.113","13","32","0.61","1100","1100",""
"2020","Credit Valley Conservation","Forests Ontario's 50 Million Tree Program","Highway of Heroes","9124","2020.133","13","34","0.49","1050","1050",""
"2020","Credit Valley Conservation","Forests Ontario's 50 Million Tree Program","GrandTrees","9134","2020.140","13","34","1.48","2370","2370",""
"2020","Credit Valley Conservation","Forests Ontario's 50 Million Tree Program","GrandTrees","9135","2020.141","13","32","1.92","3500","3500",""
"2020","Credit Valley Conservation","Forests Ontario's 50 Million Tree Program","Highway of Heroes","9339","2020.296","13","32","1.5","2700","2700",""
"2020","Credit Valley Conservation","Forests Ontario's 50 Million Tree Program","GrandTrees","9397","2020.363","13","34","0.91","1600","1600",""
"2020","Dave Wiley","Forests Ontario's 50 Million Tree Program","","8978","2020.145","13","33","4.24","7900","7900",""
"2020","Dave Wiley","Forests Ontario's 50 Million Tree Program","","9162","2020.193","13","32","2.01","3300","3300",""
"2020","Dave Wiley","Forests Ontario's 50 Million Tree Program","","9257","2020.194","13","33","3.2","5900","5900",""
"2020","Dave Wiley","Forests Ontario's 50 Million Tree Program","","9318","2020.291","13","34","1.31","2400","2400",""
"2020","Dave Wiley","Forests Ontario's 50 Million Tree Program","","9357","2020.323","13","34","0.27","500","500",""
"2020","Dave Wiley","Forests Ontario's 50 Million Tree Program","","9333","2020.382","13","32","0.58","1100","1100",""
"2020","Dave Wiley","Forests Ontario's 50 Million Tree Program","","9415","2020.383","13","32","1.94","3600","3600",""
"2020","Dave Wiley","Forests Ontario's 50 Million Tree Program","","9416","2020.384","13","32","9.26","16900","16900",""
"2020","Dave Wiley","Forests Ontario's 50 Million Tree Program","","9419","2020.385","13","33","0.6","1100","1100",""
"2020","Dave Wiley","Forests Ontario's 50 Million Tree Program","","9498","2020.543","13","32","1.82","2180","2180",""
"2020","Drentex Field Services","Forests Ontario's 50 Million Tree Program","Highway of Heroes","9065","2020.078","13","36","1.05","0","2100",""
"2020","Drentex Field Services","Forests Ontario's 50 Million Tree Program","Highway of Heroes","9067","2020.085","13","36","0.6","900","900",""
"2020","Drentex Field Services","Forests Ontario's 50 Million Tree Program","Highway of Heroes","9068","2020.086","13","36","0.5","1100","1100",""
"2020","Drentex Field Services","Forests Ontario's 50 Million Tree Program","Highway of Heroes","9070","2020.087","13","36","0.55","1100","1100",""
"2020","Drentex Field Services","Forests Ontario's 50 Million Tree Program","Highway of Heroes","9111","2020.128","13","36","2.8","5600","5600",""
"2020","Drentex Field Services","Forests Ontario's 50 Million Tree Program","Highway of Heroes","9112","2020.129","13","36","0.8","1600","1600",""
"2020","Drentex Field Services","Forests Ontario's 50 Million Tree Program","Highway of Heroes","9132","2020.139","13","36","1.0","2000","2000",""
"2020","Drentex Field Services","Forests Ontario's 50 Million Tree Program","Highway of Heroes","9444","2020.419","13","36","0.25","500","500",""
"2020","Eccles Forestry Ltd.","Forests Ontario's 50 Million Tree Program","","9149","2020.150","13","32","3.5","6400","6400",""
"2020","Eccles Forestry Ltd.","Forests Ontario's 50 Million Tree Program","","9155","2020.151","13","32","1.5","3000","3000",""
"2020","Eccles Forestry Ltd.","Forests Ontario's 50 Million Tree Program","","9194","2020.155","13","37","1.25","2400","2400",""
"2020","Eccles Forestry Ltd.","Forests Ontario's 50 Million Tree Program","","9150","2020.195","13","32","2.0","2500","2500",""
"2020","Eccles Forestry Ltd.","Forests Ontario's 50 Million Tree Program","","9290","2020.217","13","32","0.32","500","500",""
"2020","Eccles Forestry Ltd.","Forests Ontario's 50 Million Tree Program","","9207","2020.294","13","34","1.45","2400","2400",""
"2020","Eccles Forestry Ltd.","Forests Ontario's 50 Million Tree Program","","9298","2020.303","13","32","0.33","500","500",""
"2020","Eccles Forestry Ltd.","Forests Ontario's 50 Million Tree Program","","9384","2020.322","13","32","0.9","500","500",""
"2020","Eccles Forestry Ltd.","Forests Ontario's 50 Million Tree Program","","9542","2020.544","13","32","0.4","500","500",""
"2020","Eccles Forestry Ltd.","Forests Ontario's 50 Million Tree Program","","9547","2020.545","13","33","1.56","3000","3000",""
"2020","Eccles Forestry Ltd.","Forests Ontario's 50 Million Tree Program","","9554","2020.549","13","32","0.33","530","530",""
"2020","Eccles Forestry Ltd.","Forests Ontario's 50 Million Tree Program","","9593","2020.585","13","32","2.02","1620","1620",""
"2020","Essex Region Conservation Authority","Forests Ontario's 50 Million Tree Program","Highway of Heroes","9074","2020.088","13","38","1.4","2500","2500",""
"2020","Essex Region Conservation Authority","Forests Ontario's 50 Million Tree Program","Highway of Heroes","9077","2020.089","13","38","0.9","1600","1600",""
"2020","Essex Region Conservation Authority","Forests Ontario's 50 Million Tree Program","Highway of Heroes","9078","2020.090","13","38","0.8","1620","1620",""
"2020","Essex Region Conservation Authority","Forests Ontario's 50 Million Tree Program","Highway of Heroes","8999","2020.114","13","38","6.9","12500","12500",""
"2020","Essex Region Conservation Authority","Forests Ontario's 50 Million Tree Program","Highway of Heroes","9000","2020.115","13","38","4.4","8050","8050",""
"2020","Essex Region Conservation Authority","Forests Ontario's 50 Million Tree Program","Highway of Heroes","9001","2020.116","13","38","2.05","4000","4000",""
"2020","Essex Region Conservation Authority","Forests Ontario's 50 Million Tree Program","Highway of Heroes","9073","2020.117","13","38","2.0","3360","3360",""
"2020","Essex Region Conservation Authority","Forests Ontario's 50 Million Tree Program","Highway of Heroes","9075","2020.118","13","38","2.1","4100","4100",""
"2020","Essex Region Conservation Authority","Forests Ontario's 50 Million Tree Program","Highway of Heroes","9076","2020.119","13","38","1.9","3500","3500",""
"2020","Essex Region Conservation Authority","Forests Ontario's 50 Million Tree Program","Highway of Heroes","9079","2020.120","13","38","1.0","2050","2050",""
"2020","Essex Region Conservation Authority","Forests Ontario's 50 Million Tree Program","Highway of Heroes","9081","2020.121","13","38","4.1","7150","7150",""
"2020","Essex Region Conservation Authority","Forests Ontario's 50 Million Tree Program","Highway of Heroes","9096","2020.122","13","38","1.2","1950","1950",""
"2020","Essex Region Conservation Authority","Forests Ontario's 50 Million Tree Program","Highway of Heroes","9131","2020.142","13","38","2.0","3600","3600",""
"2020","Essex Region Conservation Authority","Forests Ontario's 50 Million Tree Program","Highway of Heroes","9396","2020.422","13","38","0.5","1150","1150",""
"2020","Essex Region Conservation Authority","Forests Ontario's 50 Million Tree Program","Highway of Heroes","9441","2020.423","13","38","0.25","600","600",""
"2020","Essex Region Conservation Authority","Forests Ontario's 50 Million Tree Program","Highway of Heroes","9443","2020.424","13","38","0.4","700","700",""
"2020","Essex Region Conservation Authority","Forests Ontario's 50 Million Tree Program","Highway of Heroes","9452","2020.426","13","38","0.3","530","530",""
"2020","Essex Region Conservation Authority","Forests Ontario's 50 Million Tree Program","Highway of Heroes","9458","2020.458","13","38","0.6","900","900",""
"2020","Essex Region Conservation Authority","Forests Ontario's 50 Million Tree Program","Highway of Heroes","9460","2020.459","13","38","1.0","1450","1450",""
"2020","Essex Region Conservation Authority","Forests Ontario's 50 Million Tree Program","Highway of Heroes","9463","2020.460","13","38","0.5","1100","1100",""
"2020","Essex Region Conservation Authority","Forests Ontario's 50 Million Tree Program","Highway of Heroes","9482","2020.475","13","38","0.4","700","700",""
"2020","Essex Region Conservation Authority","Forests Ontario's 50 Million Tree Program","Highway of Heroes","9538","2020.527","13","38","0.4","530","530",""
"2020","Ethic Tree Creations","Forests Ontario's 50 Million Tree Program","GrandTrees","9248","2020.182","13","34","3.52","7744","7744",""
"2020","Ethic Tree Creations","Forests Ontario's 50 Million Tree Program","Highway of Heroes","9301","2020.222","13","35","0.6","1320","1320",""
"2020","Ethic Tree Creations","Forests Ontario's 50 Million Tree Program","","9335","2020.292","13","35","1.2","2640","2640",""
"2020","Ethic Tree Creations","Forests Ontario's 50 Million Tree Program","","9412","2020.386","13","35","2.6","5720","5720",""
"2020","Ethic Tree Creations","Forests Ontario's 50 Million Tree Program","","9413","2020.387","13","35","0.4","880","880",""
"2020","Ethic Tree Creations","Forests Ontario's 50 Million Tree Program","","9414","2020.388","13","30","0.4","880","880",""
"2020","Ethic Tree Creations","Forests Ontario's 50 Million Tree Program","","9421","2020.389","13","30","0.6","1320","1320",""
"2020","Ethic Tree Creations","Forests Ontario's 50 Million Tree Program","","9453","2020.443","13","35","0.6","1320","1320",""
"2020","Ethic Tree Creations","Forests Ontario's 50 Million Tree Program","","9454","2020.444","13","35","4.4","9680","9680",""
"2020","Ethic Tree Creations","Forests Ontario's 50 Million Tree Program","Highway of Heroes","9457","2020.457","13","34","4.9","10780","10780",""
"2020","Ethic Tree Creations","Forests Ontario's 50 Million Tree Program","","9472","2020.470","13","35","0.24","528","528",""
"2020","Ethic Tree Creations","Forests Ontario's 50 Million Tree Program","","9474","2020.471","13","34","0.32","704","704",""
"2020","Ethic Tree Creations","Forests Ontario's 50 Million Tree Program","GrandTrees","9475","2020.472","13","34","0.4","880","880",""
"2020","Ethic Tree Creations","Forests Ontario's 50 Million Tree Program","Highway of Heroes","9470","2020.473","13","35","0.6","1320","1320",""
"2020","Ethic Tree Creations","Forests Ontario's 50 Million Tree Program","","9476","2020.474","13","35","2.84","6248","6248",""
"2020","Ethic Tree Creations","Forests Ontario's 50 Million Tree Program","","9512","2020.505","13","35","0.4","500","500",""
"2020","Ethic Tree Creations","Forests Ontario's 50 Million Tree Program","Highway of Heroes","9521","2020.514","13","36","0.4","880","880",""
"2020","Forests Ontario","Forests Ontario's 50 Million Tree Program","","9469","2020.476","13","30","2.57","5500","5500",""
"2020","Forests Ontario","Forests Ontario's 50 Million Tree Program","","9479","2020.477","13","30","10.22","20200","20200",""
"2020","Forests Ontario","Forests Ontario's 50 Million Tree Program","","9480","2020.478","13","30","1.69","3300","3300",""
"2020","Forests Ontario","Forests Ontario's 50 Million Tree Program","","9481","2020.479","13","30","3.31","6500","6500",""
"2020","Forests Ontario","Forests Ontario's 50 Million Tree Program","","9485","2020.480","13","30","2.95","5800","5800",""
"2020","Forests Ontario","Forests Ontario's 50 Million Tree Program","","9491","2020.524","13","30","1.47","2800","2800",""
"2020","Forests Ontario","Forests Ontario's 50 Million Tree Program","","9539","2020.530","13","30","2.0","4000","4000",""
"2020","G. M. McKibbon Forestry Services","Forests Ontario's 50 Million Tree Program","","9008","2020.300","13","11","3.0","6000","6000",""
"2020","G. M. McKibbon Forestry Services","Forests Ontario's 50 Million Tree Program","","9009","2020.301","13","11","6.0","12000","12000",""
"2020","Ganaraska Region Conservation Authority","Forests Ontario's 50 Million Tree Program","Highway of Heroes","9040","2020.091","13","34","3.6","6300","6300",""
"2020","Ganaraska Region Conservation Authority","Forests Ontario's 50 Million Tree Program","Highway of Heroes","9082","2020.092","13","36","0.6","1050","1050",""
"2020","Ganaraska Region Conservation Authority","Forests Ontario's 50 Million Tree Program","Highway of Heroes","9083","2020.093","13","36","0.6","1050","1050",""
"2020","Ganaraska Region Conservation Authority","Forests Ontario's 50 Million Tree Program","Highway of Heroes","9084","2020.094","13","36","1.0","1750","1750",""
"2020","Ganaraska Region Conservation Authority","Forests Ontario's 50 Million Tree Program","Highway of Heroes","9085","2020.095","13","36","4.0","7000","7000",""
"2020","Ganaraska Region Conservation Authority","Forests Ontario's 50 Million Tree Program","Highway of Heroes","9086","2020.096","13","36","0.5","500","500",""
"2020","Ganaraska Region Conservation Authority","Forests Ontario's 50 Million Tree Program","Highway of Heroes","9286","2020.364","13","34","6.71","10175","10175",""
"2020","Ganaraska Region Conservation Authority","Forests Ontario's 50 Million Tree Program","Highway of Heroes","9473","2020.468","13","34","1.0","2000","2000",""
"2020","Ganaraska Region Conservation Authority","Forests Ontario's 50 Million Tree Program","Highway of Heroes","9513","2020.508","13","34","0.75","1300","1300",""
"2020","Ganaraska Region Conservation Authority","Forests Ontario's 50 Million Tree Program","Highway of Heroes","9514","2020.509","13","34","0.5","600","600",""
"2020","Grand River Conservation Authority","Forests Ontario's 50 Million Tree Program","Highway of Heroes","9215","2020.183","13","32","0.74","500","500",""
"2020","Grand River Conservation Authority","Forests Ontario's 50 Million Tree Program","Highway of Heroes","9217","2020.184","13","37","0.33","775","775",""
"2020","Grand River Conservation Authority","Forests Ontario's 50 Million Tree Program","Highway of Heroes","9249","2020.185","13","32","2.4","4500","4500",""
"2020","Grand River Conservation Authority","Forests Ontario's 50 Million Tree Program","Highway of Heroes","9250","2020.186","13","37","1.0","2070","2070",""
"2020","Grand River Conservation Authority","Forests Ontario's 50 Million Tree Program","Highway of Heroes","9255","2020.187","13","37","2.42","4100","4100",""
"2020","Grand River Conservation Authority","Forests Ontario's 50 Million Tree Program","","9214","2020.188","13","32","0.65","1280","1280",""
"2020","Grand River Conservation Authority","Forests Ontario's 50 Million Tree Program","","9216","2020.189","13","37","0.85","800","800",""
"2020","Grand River Conservation Authority","Forests Ontario's 50 Million Tree Program","","9251","2020.190","13","32","0.84","1400","1400",""
"2020","Grand River Conservation Authority","Forests Ontario's 50 Million Tree Program","","9252","2020.191","13","37","4.17","6800","6800",""
"2020","Grand River Conservation Authority","Forests Ontario's 50 Million Tree Program","","9253","2020.192","13","32","2.67","5160","5160",""
"2020","Grand River Conservation Authority","Forests Ontario's 50 Million Tree Program","Highway of Heroes","9289","2020.212","13","37","0.6","1000","1000",""
"2020","Grand River Conservation Authority","Forests Ontario's 50 Million Tree Program","Highway of Heroes","9304","2020.223","13","32","1.3","2450","2450",""
"2020","Grand River Conservation Authority","Forests Ontario's 50 Million Tree Program","Highway of Heroes","9307","2020.224","13","32","2.83","5650","5650",""
"2020","Grand River Conservation Authority","Forests Ontario's 50 Million Tree Program","Highway of Heroes","9314","2020.225","13","32","1.15","2500","2500",""
"2020","Grand River Conservation Authority","Forests Ontario's 50 Million Tree Program","Highway of Heroes","9319","2020.226","13","32","1.25","3250","3250",""
"2020","Grand River Conservation Authority","Forests Ontario's 50 Million Tree Program","Highway of Heroes","9321","2020.227","13","37","1.0","2000","2000",""
"2020","Grand River Conservation Authority","Forests Ontario's 50 Million Tree Program","","9302","2020.228","13","33","0.7","1100","1100",""
"2020","Grand River Conservation Authority","Forests Ontario's 50 Million Tree Program","","9315","2020.229","13","32","0.8","1500","1500",""
"2020","Grand River Conservation Authority","Forests Ontario's 50 Million Tree Program","Highway of Heroes","9270","2020.297","13","32","1.3","1500","1500",""
"2020","Grand River Conservation Authority","Forests Ontario's 50 Million Tree Program","","9345","2020.304","13","37","1.07","1500","1500",""
"2020","Grand River Conservation Authority","Forests Ontario's 50 Million Tree Program","","9347","2020.311","13","37","0.37","690","690",""
"2020","Grand River Conservation Authority","Forests Ontario's 50 Million Tree Program","Highway of Heroes","9354","2020.325","13","37","0.56","1080","1080",""
"2020","Grand River Conservation Authority","Forests Ontario's 50 Million Tree Program","","9353","2020.326","13","37","2.87","5360","5360",""
"2020","Grand River Conservation Authority","Forests Ontario's 50 Million Tree Program","","9360","2020.327","13","37","0.3","500","500",""
"2020","Grand River Conservation Authority","Forests Ontario's 50 Million Tree Program","","9364","2020.328","13","33","0.48","825","825",""
"2020","Grand River Conservation Authority","Forests Ontario's 50 Million Tree Program","","9367","2020.329","13","33","0.64","1070","1070",""
"2020","Grand River Conservation Authority","Forests Ontario's 50 Million Tree Program","Highway of Heroes","9389","2020.365","13","37","4.45","6930","6930",""
"2020","Grand River Conservation Authority","Forests Ontario's 50 Million Tree Program","Highway of Heroes","8719","2020.370","13","32","6.6","10250","10250",""
"2020","Grand River Conservation Authority","Forests Ontario's 50 Million Tree Program","Highway of Heroes","9098","2020.371","13","32","4.0","6015","6015",""
"2020","Grand River Conservation Authority","Forests Ontario's 50 Million Tree Program","","9462","2020.461","13","37","0.3","500","500",""
"2020","Grand River Employment and Training Inc. - Kayanase","Forests Ontario's 50 Million Tree Program","","9157","2020.445","13","37","0.69","500","500",""
"2020","Grand River Employment and Training Inc. - Kayanase","Forests Ontario's 50 Million Tree Program","","9418","2020.446","13","37","1.75","1800","1800",""
"2020","Grand River Employment and Training Inc. - Kayanase","Forests Ontario's 50 Million Tree Program","","9445","2020.447","13","37","1.37","2000","2000",""
"2020","Grand River Employment and Training Inc. - Kayanase","Forests Ontario's 50 Million Tree Program","","9449","2020.448","13","37","1.3","2400","2400",""
"2020","Grand River Employment and Training Inc. - Kayanase","Forests Ontario's 50 Million Tree Program","","9467","2020.465","13","37","1.55","1500","1500",""
"2020","Grand River Employment and Training Inc. - Kayanase","Forests Ontario's 50 Million Tree Program","","9468","2020.466","13","37","1.0","500","500",""
"2020","Grand River Employment and Training Inc. - Kayanase","Forests Ontario's 50 Million Tree Program","","9471","2020.467","13","37","0.34","600","600",""
"2020","Grand River Employment and Training Inc. - Kayanase","Forests Ontario's 50 Million Tree Program","","9508","2020.503","13","37","0.73","1100","1100",""
"2020","Grand River Employment and Training Inc. - Kayanase","Forests Ontario's 50 Million Tree Program","","9528","2020.519","13","37","1.2","1000","1000",""
"2020","Grey Sauble Conservation Authority","Forests Ontario's 50 Million Tree Program","","8963","2020.004","13","32","1.33","2520","2520",""
"2020","Grey Sauble Conservation Authority","Forests Ontario's 50 Million Tree Program","Howland Green","8977","2020.013","13","32","1.24","2050","2050",""
"2020","Grey Sauble Conservation Authority","Forests Ontario's 50 Million Tree Program","","8989","2020.044","13","32","1.0","1500","1500",""
"2020","Grey Sauble Conservation Authority","Forests Ontario's 50 Million Tree Program","Howland Green","9002","2020.045","13","32","3.4","3750","3750",""
"2020","Grey Sauble Conservation Authority","Forests Ontario's 50 Million Tree Program","","9003","2020.046","13","33","5.6","8400","8400",""
"2020","Grey Sauble Conservation Authority","Forests Ontario's 50 Million Tree Program","","9004","2020.047","13","32","1.04","1600","1600",""
"2020","Grey Sauble Conservation Authority","Forests Ontario's 50 Million Tree Program","","9014","2020.053","13","32","1.0","1200","1200",""
"2020","Grey Sauble Conservation Authority","Forests Ontario's 50 Million Tree Program","Howland Green","9024","2020.054","13","32","2.0","3000","3000",""
"2020","Grey Sauble Conservation Authority","Forests Ontario's 50 Million Tree Program","","9026","2020.055","13","32","1.0","1500","1500",""
"2020","Grey Sauble Conservation Authority","Forests Ontario's 50 Million Tree Program","","9029","2020.056","13","32","0.76","1150","1150",""
"2020","Grey Sauble Conservation Authority","Forests Ontario's 50 Million Tree Program","","9058","2020.079","13","32","1.1","1600","1600",""
"2020","Grey Sauble Conservation Authority","Forests Ontario's 50 Million Tree Program","","9094","2020.123","13","32","0.8","1200","1200",""
"2020","Grey Sauble Conservation Authority","Forests Ontario's 50 Million Tree Program","Howland Green","9103","2020.124","13","33","1.45","2260","2260",""
"2020","Grey Sauble Conservation Authority","Forests Ontario's 50 Million Tree Program","","9097","2020.130","13","32","0.5","700","700",""
"2020","Grey Sauble Conservation Authority","Forests Ontario's 50 Million Tree Program","Howland Green","9159","2020.152","13","32","4.04","6060","6060",""
"2020","Grey Sauble Conservation Authority","Forests Ontario's 50 Million Tree Program","","9190","2020.153","13","32","1.2","1800","1800",""
"2020","Grey Sauble Conservation Authority","Forests Ontario's 50 Million Tree Program","Howland Green","9197","2020.161","13","32","6.04","4510","4510",""
"2020","Grey Sauble Conservation Authority","Forests Ontario's 50 Million Tree Program","","9296","2020.218","13","32","2.0","3000","3000",""
"2020","Grey Sauble Conservation Authority","Forests Ontario's 50 Million Tree Program","","9297","2020.219","13","32","1.08","1500","1500",""
"2020","Grey Sauble Conservation Authority","Forests Ontario's 50 Million Tree Program","Howland Green","9336","2020.298","13","32","3.398","5100","5100",""
"2020","Grey Sauble Conservation Authority","Forests Ontario's 50 Million Tree Program","Howland Green","9343","2020.307","13","33","1.0","1500","1500",""
"2020","Grey Sauble Conservation Authority","Forests Ontario's 50 Million Tree Program","","9344","2020.308","13","32","0.2","600","600",""
"2020","Grey Sauble Conservation Authority","Forests Ontario's 50 Million Tree Program","Howland Green","9391","2020.366","13","33","3.33","5000","5000",""
"2020","Grey Sauble Conservation Authority","Forests Ontario's 50 Million Tree Program","","9394","2020.367","13","32","2.0","3000","3000",""
"2020","Grey Sauble Conservation Authority","Forests Ontario's 50 Million Tree Program","","9400","2020.368","13","32","1.1","1600","1600",""
"2020","Grey Sauble Conservation Authority","Forests Ontario's 50 Million Tree Program","","9409","2020.369","13","32","0.62","845","845",""
"2020","Grey Sauble Conservation Authority","Forests Ontario's 50 Million Tree Program","","9417","2020.390","13","32","1.36","2050","2050",""
"2020","Grey Sauble Conservation Authority","Forests Ontario's 50 Million Tree Program","","9422","2020.391","13","32","0.34","600","600",""
"2020","Grey Sauble Conservation Authority","Forests Ontario's 50 Million Tree Program","","9447","2020.427","13","32","2.79","4250","4250",""
"2020","Grey Sauble Conservation Authority","Forests Ontario's 50 Million Tree Program","","9448","2020.428","13","32","5.0","7500","7500",""
"2020","Grey Sauble Conservation Authority","Forests Ontario's 50 Million Tree Program","","9510","2020.506","13","32","1.25","2050","2050",""
"2020","Grey Sauble Conservation Authority","Forests Ontario's 50 Million Tree Program","Howland Green","9563","2020.559","13","32","0.73","1070","1070",""
"2020","Haldimand Stewardship Council","Forests Ontario's 50 Million Tree Program","","9060","2020.233","13","37","1.94","4080","4080",""
"2020","Haldimand Stewardship Council","Forests Ontario's 50 Million Tree Program","","9061","2020.234","13","37","3.04","6375","6375",""
"2020","Haldimand Stewardship Council","Forests Ontario's 50 Million Tree Program","","9062","2020.235","13","37","1.62","1800","1800",""
"2020","Haldimand Stewardship Council","Forests Ontario's 50 Million Tree Program","","9063","2020.236","13","37","0.91","1900","1900",""
"2020","Haldimand Stewardship Council","Forests Ontario's 50 Million Tree Program","","9114","2020.237","13","37","0.85","1785","1785",""
"2020","Haldimand Stewardship Council","Forests Ontario's 50 Million Tree Program","","9116","2020.238","13","37","0.61","1275","1275",""
"2020","Haldimand Stewardship Council","Forests Ontario's 50 Million Tree Program","","9117","2020.239","13","37","0.4","850","850",""
"2020","Haldimand Stewardship Council","Forests Ontario's 50 Million Tree Program","","9118","2020.240","13","37","1.62","1800","1800",""
"2020","Haldimand Stewardship Council","Forests Ontario's 50 Million Tree Program","","9119","2020.241","13","37","0.6","500","500",""
"2020","Haldimand Stewardship Council","Forests Ontario's 50 Million Tree Program","","9153","2020.242","13","37","2.08","4420","4420",""
"2020","Haldimand Stewardship Council","Forests Ontario's 50 Million Tree Program","","9154","2020.243","13","37","0.886","1700","1700",""
"2020","Haldimand Stewardship Council","Forests Ontario's 50 Million Tree Program","","9185","2020.244","13","37","1.23","2550","2550",""
"2020","Jim Pedersen","Forests Ontario's 50 Million Tree Program","Highway of Heroes","9178","2020.156","13","36","1.0","2000","2000",""
"2020","Jim Pedersen","Forests Ontario's 50 Million Tree Program","Highway of Heroes","9199","2020.157","13","36","1.4","3000","3000",""
"2020","Jim Pedersen","Forests Ontario's 50 Million Tree Program","Highway of Heroes","9201","2020.158","13","36","1.0","2000","2000",""
"2020","Jim Pedersen","Forests Ontario's 50 Million Tree Program","Highway of Heroes","9202","2020.159","13","36","0.8","1500","1500",""
"2020","Jim Pedersen","Forests Ontario's 50 Million Tree Program","","9306","2020.245","13","36","2.5","5000","5000",""
"2020","Jim Pedersen","Forests Ontario's 50 Million Tree Program","Highway of Heroes","9369","2020.330","13","36","3.0","6000","6000",""
"2020","Jim Pedersen","Forests Ontario's 50 Million Tree Program","Highway of Heroes","9490","2020.484","13","36","1.0","2000","2000",""
"2020","Jim Pedersen","Forests Ontario's 50 Million Tree Program","Highway of Heroes","9555","2020.551","13","36","2.0","3000","3000",""
"2020","Kettle Creek Conservation Authority","Forests Ontario's 50 Million Tree Program","Highway of Heroes","9349","2020.432","13","37","0.91","1700","1700",""
"2020","Kettle Creek Conservation Authority","Forests Ontario's 50 Million Tree Program","Highway of Heroes","9432","2020.433","13","37","1.4","2800","2800",""
"2020","Kettle Creek Conservation Authority","Forests Ontario's 50 Million Tree Program","Highway of Heroes","9433","2020.434","13","37","0.53","1050","1050",""
"2020","Kettle Creek Conservation Authority","Forests Ontario's 50 Million Tree Program","Highway of Heroes","9451","2020.435","13","37","0.27","500","500",""
"2020","Kettle Creek Conservation Authority","Forests Ontario's 50 Million Tree Program","Highway of Heroes","9348","2020.494","13","37","1.61","3200","3200",""
"2020","Kettle Creek Conservation Authority","Forests Ontario's 50 Million Tree Program","Highway of Heroes","9350","2020.495","13","37","1.84","2850","2850",""
"2020","Kettle Creek Conservation Authority","Forests Ontario's 50 Million Tree Program","Highway of Heroes","9355","2020.496","13","37","2.25","5400","5400",""
"2020","Kettle Creek Conservation Authority","Forests Ontario's 50 Million Tree Program","Highway of Heroes","9425","2020.497","13","37","0.4","750","750",""
"2020","Kettle Creek Conservation Authority","Forests Ontario's 50 Million Tree Program","Highway of Heroes","9540","2020.533","13","37","0.69","1300","1300",""
"2020","Kettle Creek Conservation Authority","Forests Ontario's 50 Million Tree Program","Highway of Heroes","9591","2020.584","13","37","0.28","550","550",""
"2020","Lake Simcoe Region Conservation Authority","Forests Ontario's 50 Million Tree Program","","9437","2020.392","13","34","0.289","800","800",""
"2020","Lake Simcoe Region Conservation Authority","Forests Ontario's 50 Million Tree Program","GrandTrees","9411","2020.393","13","34","0.86","2150","2150",""
"2020","Lake Simcoe Region Conservation Authority","Forests Ontario's 50 Million Tree Program","GrandTrees","9426","2020.394","13","34","2.07","4100","4100",""
"2020","Lake Simcoe Region Conservation Authority","Forests Ontario's 50 Million Tree Program","Highway of Heroes","9436","2020.395","13","34","1.22","2700","2700",""
"2020","Lake Simcoe Region Conservation Authority","Forests Ontario's 50 Million Tree Program","GrandTrees","9423","2020.396","13","34","0.3919","1250","1250",""
"2020","Lake Simcoe Region Conservation Authority","Forests Ontario's 50 Million Tree Program","GrandTrees","9427","2020.397","13","34","2.597","5200","5200",""
"2020","Lake Simcoe Region Conservation Authority","Forests Ontario's 50 Million Tree Program","GrandTrees","9429","2020.398","13","34","0.5017","900","900",""
"2020","Lake Simcoe Region Conservation Authority","Forests Ontario's 50 Million Tree Program","GrandTrees","9431","2020.399","13","34","0.539","1050","1050",""
"2020","Lake Simcoe Region Conservation Authority","Forests Ontario's 50 Million Tree Program","GrandTrees","9435","2020.400","13","34","0.473","1050","1050",""
"2020","Lake Simcoe Region Conservation Authority","Forests Ontario's 50 Million Tree Program","GrandTrees","9434","2020.414","13","34","0.936","1900","1900",""
"2020","Lake Simcoe Region Conservation Authority","Forests Ontario's 50 Million Tree Program","","9438","2020.421","13","34","2.942","4650","4650",""
"2020","Land Care Niagara","Forests Ontario's 50 Million Tree Program","","9138","2020.351","13","37","1.0","2125","2125",""
"2020","Land Care Niagara","Forests Ontario's 50 Million Tree Program","","9139","2020.352","13","37","0.8","1700","1700",""
"2020","Land Care Niagara","Forests Ontario's 50 Million Tree Program","","9140","2020.353","13","37","4.0","8500","8500",""
"2020","Land Care Niagara","Forests Ontario's 50 Million Tree Program","","9144","2020.354","13","37","1.2","2550","2550",""
"2020","Land Care Niagara","Forests Ontario's 50 Million Tree Program","","9145","2020.355","13","37","1.4","2975","2975",""
"2020","Land Care Niagara","Forests Ontario's 50 Million Tree Program","","9219","2020.356","13","37","0.24","500","500",""
"2020","Land Care Niagara","Forests Ontario's 50 Million Tree Program","","9284","2020.357","13","37","2.83","5950","5950",""
"2020","Land Care Niagara","Forests Ontario's 50 Million Tree Program","","9383","2020.358","13","37","0.8","1700","1700",""
"2020","Land Care Niagara","Forests Ontario's 50 Million Tree Program","","9385","2020.359","13","37","0.4","850","850",""
"2020","Land Care Niagara","Forests Ontario's 50 Million Tree Program","","9235","2020.360","13","37","2.03","4250","4250",""
"2020","Land Care Niagara","Forests Ontario's 50 Million Tree Program","","9576","2020.581","13","37","0.53","1100","1100",""
"2020","Land Care Niagara","Forests Ontario's 50 Million Tree Program","","9577","2020.582","13","37","0.53","1000","1000",""
"2020","Land Care Niagara","Forests Ontario's 50 Million Tree Program","","9589","2020.583","13","37","4.2","1500","1500",""
"2020","Lands & Forests Consulting","Forests Ontario's 50 Million Tree Program","","9039","2020.057","13","32","4.05","8000","8000",""
"2020","Lands & Forests Consulting","Forests Ontario's 50 Million Tree Program","","9059","2020.080","13","32","3.24","6400","6400",""
"2020","Lands & Forests Consulting","Forests Ontario's 50 Million Tree Program","","9378","2020.331","13","32","1.21","2400","2400",""
"2020","Lands & Forests Consulting","Forests Ontario's 50 Million Tree Program","","9380","2020.332","13","32","1.01","1600","1600",""
"2020","Lands & Forests Consulting","Forests Ontario's 50 Million Tree Program","","9477","2020.464","13","32","2.43","3700","3700",""
"2020","Lands & Forests Consulting","Forests Ontario's 50 Million Tree Program","","9500","2020.492","13","32","1.0","2000","2000",""
"2020","Lands & Forests Consulting","Forests Ontario's 50 Million Tree Program","","9507","2020.504","13","32","1.62","3200","3200",""
"2020","Lands & Forests Consulting","Forests Ontario's 50 Million Tree Program","","9515","2020.510","13","32","1.62","3200","3200",""
"2020","Lands & Forests Consulting","Forests Ontario's 50 Million Tree Program","","9557","2020.552","13","32","3.64","7200","7200",""
"2020","Lands & Forests Consulting","Forests Ontario's 50 Million Tree Program","","9564","2020.560","13","32","0.6","1200","1200",""
"2020","Lands & Forests Consulting","Forests Ontario's 50 Million Tree Program","","9565","2020.561","13","32","1.21","1800","1800",""
"2020","Lands & Forests Consulting","Forests Ontario's 50 Million Tree Program","","9566","2020.562","13","32","0.5","1000","1000",""
"2020","Lands & Forests Consulting","Forests Ontario's 50 Million Tree Program","","9568","2020.564","13","32","0.25","500","500",""
"2020","Lands & Forests Consulting","Forests Ontario's 50 Million Tree Program","","9569","2020.568","13","32","0.4","800","800",""
"2020","Lands & Forests Consulting","Forests Ontario's 50 Million Tree Program","","9570","2020.569","13","32","0.5","1000","1000",""
"2020","Lennox Forestry Services","Forests Ontario's 50 Million Tree Program","","9160","2020.163","13","32","4.0","5500","5500",""
"2020","Lennox Forestry Services","Forests Ontario's 50 Million Tree Program","","9195","2020.164","13","32","0.74","600","600",""
"2020","Lennox Forestry Services","Forests Ontario's 50 Million Tree Program","","9196","2020.181","13","32","0.8","1000","1000",""
"2020","Lennox Forestry Services","Forests Ontario's 50 Million Tree Program","","9238","2020.205","13","32","0.91","1300","1300",""
"2020","Lennox Forestry Services","Forests Ontario's 50 Million Tree Program","","9274","2020.206","13","32","0.87","1100","1100",""
"2020","Lennox Forestry Services","Forests Ontario's 50 Million Tree Program","","9285","2020.213","13","32","0.49","530","530",""
"2020","Lennox Forestry Services","Forests Ontario's 50 Million Tree Program","","9532","2020.523","13","32","0.8","1000","1000",""
"2020","Long Point Region Conservation Authority","Forests Ontario's 50 Million Tree Program","Highway of Heroes","9300","2020.246","13","37","2.2","4400","4400",""
"2020","Long Point Region Conservation Authority","Forests Ontario's 50 Million Tree Program","","9288","2020.247","13","37","6.6","10000","10000",""
"2020","Long Point Region Conservation Authority","Forests Ontario's 50 Million Tree Program","","9323","2020.248","13","37","1.3","1107","1107",""
"2020","Long Point Region Conservation Authority","Forests Ontario's 50 Million Tree Program","","9042","2020.285","13","37","1.4","1500","1500",""
"2020","Long Point Region Conservation Authority","Forests Ontario's 50 Million Tree Program","","9045","2020.286","13","37","0.56","1100","1100",""
"2020","Long Point Region Conservation Authority","Forests Ontario's 50 Million Tree Program","","9299","2020.287","13","37","4.5","7000","7000",""
"2020","Long Point Region Conservation Authority","Forests Ontario's 50 Million Tree Program","","9328","2020.288","13","37","5.0","3000","3000",""
"2020","Long Point Region Conservation Authority","Forests Ontario's 50 Million Tree Program","Highway of Heroes","9382","2020.333","13","37","0.2","500","500",""
"2020","Long Point Region Conservation Authority","Forests Ontario's 50 Million Tree Program","","9392","2020.372","13","37","4.5","3000","3000",""
"2020","Long Point Region Conservation Authority","Forests Ontario's 50 Million Tree Program","","9523","2020.515","13","37","0.4","700","700",""
"2020","Long Point Region Conservation Authority","Forests Ontario's 50 Million Tree Program","","9531","2020.522","13","37","0.6","1500","1500",""
"2020","Long Point Region Conservation Authority","Forests Ontario's 50 Million Tree Program","Highway of Heroes","9559","2020.556","13","37","1.0","1500","1500",""
"2020","Long Point Region Conservation Authority","Forests Ontario's 50 Million Tree Program","","9567","2020.563","13","37","0.8","500","500",""
"2020","Long Point Region Conservation Authority","Forests Ontario's 50 Million Tree Program","","9575","2020.571","13","37","0.8","800","800",""
"2020","Long Point Region Conservation Authority","Forests Ontario's 50 Million Tree Program","","9580","2020.577","13","37","0.2","500","500",""
"2020","Long Point Region Conservation Authority","Forests Ontario's 50 Million Tree Program","","9585","2020.580","13","37","1.0","1500","1500",""
"2020","Lower Thames Valley Conservation Authority","Forests Ontario's 50 Million Tree Program","Highway of Heroes","9120","2020.131","13","38","0.4","600","600",""
"2020","Lower Thames Valley Conservation Authority","Forests Ontario's 50 Million Tree Program","Highway of Heroes","9122","2020.132","13","38","1.2","1800","1800",""
"2020","Lower Thames Valley Conservation Authority","Forests Ontario's 50 Million Tree Program","Highway of Heroes","9123","2020.134","13","37","0.4","500","500",""
"2020","Lower Thames Valley Conservation Authority","Forests Ontario's 50 Million Tree Program","Highway of Heroes","9127","2020.135","13","38","0.4","600","600",""
"2020","Lower Thames Valley Conservation Authority","Forests Ontario's 50 Million Tree Program","Highway of Heroes","9129","2020.136","13","37","1.0","1500","1500",""
"2020","Lower Thames Valley Conservation Authority","Forests Ontario's 50 Million Tree Program","Highway of Heroes","9130","2020.137","13","37","0.6","900","900",""
"2020","Lower Thames Valley Conservation Authority","Forests Ontario's 50 Million Tree Program","Highway of Heroes","9176","2020.148","13","38","0.4","500","500",""
"2020","Lower Thames Valley Conservation Authority","Forests Ontario's 50 Million Tree Program","Highway of Heroes","9121","2020.167","13","38","0.4","500","500",""
"2020","Lower Thames Valley Conservation Authority","Forests Ontario's 50 Million Tree Program","Highway of Heroes","9322","2020.249","13","37","2.0","3000","3000",""
"2020","Lower Thames Valley Conservation Authority","Forests Ontario's 50 Million Tree Program","Highway of Heroes","9324","2020.250","13","37","0.4","600","600",""
"2020","Lower Thames Valley Conservation Authority","Forests Ontario's 50 Million Tree Program","Highway of Heroes","9325","2020.251","13","37","5.6","8400","8400",""
"2020","Lower Thames Valley Conservation Authority","Forests Ontario's 50 Million Tree Program","Highway of Heroes","9356","2020.334","13","37","2.0","3000","3000",""
"2020","Lower Thames Valley Conservation Authority","Forests Ontario's 50 Million Tree Program","Highway of Heroes","9359","2020.336","13","37","0.8","1200","1200",""
"2020","Lower Thames Valley Conservation Authority","Forests Ontario's 50 Million Tree Program","Highway of Heroes","9362","2020.338","13","37","0.6","900","900",""
"2020","Lower Thames Valley Conservation Authority","Forests Ontario's 50 Million Tree Program","Highway of Heroes","9398","2020.373","13","37","1.8","2800","2800",""
"2020","Lower Thames Valley Conservation Authority","Forests Ontario's 50 Million Tree Program","Highway of Heroes","9402","2020.374","13","37","1.2","1800","1800",""
"2020","Lower Thames Valley Conservation Authority","Forests Ontario's 50 Million Tree Program","Highway of Heroes","9403","2020.375","13","37","1.0","1500","1500",""
"2020","Lower Thames Valley Conservation Authority","Forests Ontario's 50 Million Tree Program","Highway of Heroes","9405","2020.377","13","37","0.4","500","500",""
"2020","Lower Thames Valley Conservation Authority","Forests Ontario's 50 Million Tree Program","Highway of Heroes","9478","2020.469","13","37","0.4","500","500",""
"2020","Lower Thames Valley Conservation Authority","Forests Ontario's 50 Million Tree Program","Highway of Heroes","9492","2020.487","13","37","0.5","675","675",""
"2020","Lower Thames Valley Conservation Authority","Forests Ontario's 50 Million Tree Program","","9494","2020.488","13","37","3.3","4920","4920",""
"2020","Lower Thames Valley Conservation Authority","Forests Ontario's 50 Million Tree Program","Highway of Heroes","9502","2020.498","13","38","0.4","500","500",""
"2020","Lower Thames Valley Conservation Authority","Forests Ontario's 50 Million Tree Program","Highway of Heroes","9504","2020.499","13","38","0.4","620","620",""
"2020","Lower Thames Valley Conservation Authority","Forests Ontario's 50 Million Tree Program","Highway of Heroes","9505","2020.500","13","38","0.4","500","500",""
"2020","Lower Thames Valley Conservation Authority","Forests Ontario's 50 Million Tree Program","Highway of Heroes","9506","2020.502","13","38","0.6","900","900",""
"2020","Lower Thames Valley Conservation Authority","Forests Ontario's 50 Million Tree Program","Highway of Heroes","9524","2020.516","13","37","1.0","1400","1400",""
"2020","Lower Thames Valley Conservation Authority","Forests Ontario's 50 Million Tree Program","Highway of Heroes","9525","2020.517","13","37","0.4","600","600",""
"2020","Lower Thames Valley Conservation Authority","Forests Ontario's 50 Million Tree Program","Highway of Heroes","9527","2020.518","13","37","0.4","600","600",""
"2020","Lower Thames Valley Conservation Authority","Forests Ontario's 50 Million Tree Program","Highway of Heroes","9536","2020.531","13","37","0.66","1000","1000",""
"2020","Lower Thames Valley Conservation Authority","Forests Ontario's 50 Million Tree Program","Highway of Heroes","9541","2020.532","13","37","1.6","2470","2470",""
"2020","Lower Thames Valley Conservation Authority","Forests Ontario's 50 Million Tree Program","Highway of Heroes","9543","2020.534","13","37","1.1","1770","1770",""
"2020","Lower Thames Valley Conservation Authority","Forests Ontario's 50 Million Tree Program","Highway of Heroes","9552","2020.542","13","37","0.4","570","570",""
"2020","Lower Thames Valley Conservation Authority","Forests Ontario's 50 Million Tree Program","Highway of Heroes","9548","2020.553","13","37","1.0","1700","1700",""
"2020","Lower Thames Valley Conservation Authority","Forests Ontario's 50 Million Tree Program","","9556","2020.554","13","37","3.6","5470","5470",""
"2020","Lower Thames Valley Conservation Authority","Forests Ontario's 50 Million Tree Program","Highway of Heroes","9558","2020.555","13","37","0.5","800","800",""
"2020","Mastwood Consulting","Forests Ontario's 50 Million Tree Program","","9066","2020.451","13","35","1.6","3000","3000",""
"2020","Mastwood Consulting","Forests Ontario's 50 Million Tree Program","","9459","2020.452","13","35","1.0","2000","2000",""
"2020","Mastwood Consulting","Forests Ontario's 50 Million Tree Program","Highway of Heroes","9133","2020.453","13","35","1.2","2400","2400",""
"2020","Mastwood Consulting","Forests Ontario's 50 Million Tree Program","Highway of Heroes","9329","2020.454","13","36","6.0","10700","10700",""
"2020","Mastwood Consulting","Forests Ontario's 50 Million Tree Program","Highway of Heroes","9456","2020.455","13","35","2.0","4000","4000",""
"2020","Mastwood Consulting","Forests Ontario's 50 Million Tree Program","Highway of Heroes","9461","2020.456","13","36","0.3","500","500",""
"2020","Northumberland Tree Planters","Forests Ontario's 50 Million Tree Program","Highway of Heroes","8991","2020.059","13","36","2.3","4000","4000",""
"2020","Northumberland Tree Planters","Forests Ontario's 50 Million Tree Program","Highway of Heroes","9023","2020.060","13","36","1.2","2000","2000",""
"2020","Northumberland Tree Planters","Forests Ontario's 50 Million Tree Program","Highway of Heroes","9025","2020.061","13","36","1.2","2000","2000",""
"2020","Northumberland Tree Planters","Forests Ontario's 50 Million Tree Program","Highway of Heroes","9028","2020.062","13","36","2.5","4250","4250",""
"2020","Northumberland Tree Planters","Forests Ontario's 50 Million Tree Program","Highway of Heroes","9030","2020.063","13","36","1.85","3200","3200",""
"2020","Northumberland Tree Planters","Forests Ontario's 50 Million Tree Program","Highway of Heroes","9033","2020.064","13","36","1.7","3000","3000",""
"2020","Northumberland Tree Planters","Forests Ontario's 50 Million Tree Program","Highway of Heroes","9021","2020.097","13","36","4.6","7930","7930",""
"2020","Northumberland Tree Planters","Forests Ontario's 50 Million Tree Program","Highway of Heroes","9071","2020.098","13","36","3.9","6720","6720",""
"2020","Northumberland Tree Planters","Forests Ontario's 50 Million Tree Program","Highway of Heroes","9034","2020.103","13","36","1.2","2100","2100",""
"2020","Northumberland Tree Planters","Forests Ontario's 50 Million Tree Program","Highway of Heroes","9161","2020.144","13","36","6.1","10550","10550",""
"2020","Northumberland Tree Planters","Forests Ontario's 50 Million Tree Program","Highway of Heroes","9163","2020.146","13","36","0.45","770","770",""
"2020","Northumberland Tree Planters","Forests Ontario's 50 Million Tree Program","Highway of Heroes","9208","2020.162","13","36","2.4","3800","3800",""
"2020","Northumberland Tree Planters","Forests Ontario's 50 Million Tree Program","Highway of Heroes","9330","2020.289","13","36","0.4","700","700",""
"2020","Northumberland Tree Planters","Forests Ontario's 50 Million Tree Program","Highway of Heroes","9428","2020.401","13","36","4.5","7750","7750",""
"2020","Northumberland Tree Planters","Forests Ontario's 50 Million Tree Program","Highway of Heroes","9439","2020.415","13","36","1.4","2250","2250",""
"2020","Northumberland Tree Planters","Forests Ontario's 50 Million Tree Program","Highway of Heroes","9440","2020.416","13","36","1.7","2900","2900",""
"2020","Nottawasaga Valley Conservation Authority","Forests Ontario's 50 Million Tree Program","","8964","2020.005","13","34","1.0","2000","2000",""
"2020","Nottawasaga Valley Conservation Authority","Forests Ontario's 50 Million Tree Program","GrandTrees","8965","2020.006","13","34","1.74","3450","3450","0"
"2020","Nottawasaga Valley Conservation Authority","Forests Ontario's 50 Million Tree Program","","8967","2020.007","13","34","2.46","4950","4950",""
"2020","Nottawasaga Valley Conservation Authority","Forests Ontario's 50 Million Tree Program","","8966","2020.008","13","34","1.2","2650","2650",""
"2020","Nottawasaga Valley Conservation Authority","Forests Ontario's 50 Million Tree Program","","8968","2020.009","13","33","1.0","2000","2000",""
"2020","Nottawasaga Valley Conservation Authority","Forests Ontario's 50 Million Tree Program","","8969","2020.010","13","34","3.35","6700","6700",""
"2020","Nottawasaga Valley Conservation Authority","Forests Ontario's 50 Million Tree Program","","8970","2020.011","13","33","1.67","3450","3450",""
"2020","Nottawasaga Valley Conservation Authority","Forests Ontario's 50 Million Tree Program","","8971","2020.012","13","33","4.53","9250","9250",""
"2020","Nottawasaga Valley Conservation Authority","Forests Ontario's 50 Million Tree Program","","8972","2020.031","13","34","0.25","550","550",""
"2020","Nottawasaga Valley Conservation Authority","Forests Ontario's 50 Million Tree Program","","8973","2020.032","13","33","1.0","2000","2000",""
"2020","Nottawasaga Valley Conservation Authority","Forests Ontario's 50 Million Tree Program","","8974","2020.033","13","33","5.25","10000","10000",""
"2020","Nottawasaga Valley Conservation Authority","Forests Ontario's 50 Million Tree Program","","8975","2020.034","13","33","1.74","3200","3200",""
"2020","Nottawasaga Valley Conservation Authority","Forests Ontario's 50 Million Tree Program","","8976","2020.035","13","34","1.5","2000","2000",""
"2020","Nottawasaga Valley Conservation Authority","Forests Ontario's 50 Million Tree Program","","8979","2020.036","13","33","5.95","11600","11600",""
"2020","Nottawasaga Valley Conservation Authority","Forests Ontario's 50 Million Tree Program","","8988","2020.037","13","33","4.58","7950","7950",""
"2020","Nottawasaga Valley Conservation Authority","Forests Ontario's 50 Million Tree Program","","9011","2020.050","13","34","4.3","8300","8300",""
"2020","Nottawasaga Valley Conservation Authority","Forests Ontario's 50 Million Tree Program","","9013","2020.051","13","33","3.0","5600","5600",""
"2020","Nottawasaga Valley Conservation Authority","Forests Ontario's 50 Million Tree Program","","9027","2020.058","13","33","0.66","1200","1200",""
"2020","Nottawasaga Valley Conservation Authority","Forests Ontario's 50 Million Tree Program","","9046","2020.082","13","33","1.86","3750","3750",""
"2020","Nottawasaga Valley Conservation Authority","Forests Ontario's 50 Million Tree Program","","9050","2020.083","13","33","0.35","500","500",""
"2020","Nottawasaga Valley Conservation Authority","Forests Ontario's 50 Million Tree Program","","9080","2020.099","13","33","1.3","2600","2600",""
"2020","Nottawasaga Valley Conservation Authority","Forests Ontario's 50 Million Tree Program","","9092","2020.104","13","34","0.32","550","550",""
"2020","Nottawasaga Valley Conservation Authority","Forests Ontario's 50 Million Tree Program","","9222","2020.166","13","33","1.25","2550","2550",""
"2020","Nottawasaga Valley Conservation Authority","Forests Ontario's 50 Million Tree Program","","9340","2020.299","13","34","1.5","3000","3000",""
"2020","Nottawasaga Valley Conservation Authority","Forests Ontario's 50 Million Tree Program","","9486","2020.482","13","34","0.5","1000","1000",""
"2020","Paul's Test PDA","Forests Ontario's 50 Million Tree Program","HOH","9465","2020.536","13","0","20.0","0","0","0"
"2020","Paul's Test PDA","50 Million Tree Program","Test Allocation","9497","2020.540","10","0","0.0","0","0","0"
"2020","Paul's Test PDA","50 Million Tree Program","Test Allocation","8242","2020.574","10","24","7.0","21000","21000",""
"2020","Raisin Region Conservation Authority","Forests Ontario's 50 Million Tree Program","Highway of Heroes","8950","2020.029","13","36","0.5","1000","1000",""
"2020","Raisin Region Conservation Authority","Forests Ontario's 50 Million Tree Program","Highway of Heroes","8986","2020.038","13","36","0.75","1500","1500",""
"2020","Raisin Region Conservation Authority","Forests Ontario's 50 Million Tree Program","Highway of Heroes","8594","2020.048","13","36","0.25","500","500",""
"2020","Raisin Region Conservation Authority","Forests Ontario's 50 Million Tree Program","Highway of Heroes","9007","2020.049","13","36","0.7","1400","1400",""
"2020","Raisin Region Conservation Authority","Forests Ontario's 50 Million Tree Program","Highway of Heroes","9015","2020.052","13","36","5.5","8700","8700",""
"2020","Raisin Region Conservation Authority","Forests Ontario's 50 Million Tree Program","Highway of Heroes","9016","2020.065","13","36","0.75","1050","1050",""
"2020","Raisin Region Conservation Authority","Forests Ontario's 50 Million Tree Program","Highway of Heroes","9051","2020.067","13","36","0.44","800","800",""
"2020","Raisin Region Conservation Authority","Forests Ontario's 50 Million Tree Program","Highway of Heroes","9069","2020.100","13","36","1.3","2500","2500",""
"2020","Raisin Region Conservation Authority","Forests Ontario's 50 Million Tree Program","Highway of Heroes","9110","2020.108","13","36","0.33","700","700",""
"2020","Raisin Region Conservation Authority","Forests Ontario's 50 Million Tree Program","Highway of Heroes","9450","2020.436","13","36","0.5","500","500",""
"2020","REGEN Natural Resources Ltd.","Forests Ontario's 50 Million Tree Program","Highway of Heroes","9484","2020.485","13","34","1.0","1500","1500",""
"2020","REGEN Natural Resources Ltd.","Forests Ontario's 50 Million Tree Program","","9534","2020.550","13","27","2.5","4000","4000",""
"2020","REGEN Natural Resources Ltd.","Forests Ontario's 50 Million Tree Program","","9533","2020.573","13","27","0.5","800","800",""
"2020","Regional Municipality of York","Forests Ontario's 50 Million Tree Program","GrandTrees","9126","2020.309","13","34","3.4","6600","6600",""
"2020","Rideau Valley Conservation Authority","Forests Ontario's 50 Million Tree Program","Highway of Heroes","9173","2020.252","13","36","3.0","6000","6000",""
"2020","Rideau Valley Conservation Authority","Forests Ontario's 50 Million Tree Program","Highway of Heroes","9209","2020.253","13","36","0.9","2100","2100",""
"2020","Rideau Valley Conservation Authority","Forests Ontario's 50 Million Tree Program","Highway of Heroes","9227","2020.254","13","36","2.0","4000","4000",""
"2020","Rideau Valley Conservation Authority","Forests Ontario's 50 Million Tree Program","Highway of Heroes","9271","2020.255","13","36","8.7","17400","17400",""
"2020","Rideau Valley Conservation Authority","Forests Ontario's 50 Million Tree Program","Highway of Heroes","9287","2020.256","13","36","1.0","1500","1500",""
"2020","Rideau Valley Conservation Authority","Forests Ontario's 50 Million Tree Program","Highway of Heroes","9308","2020.257","13","36","2.2","6700","6700",""
"2020","Rideau Valley Conservation Authority","Forests Ontario's 50 Million Tree Program","Highway of Heroes","9309","2020.258","13","36","0.7","1400","1400",""
"2020","Rideau Valley Conservation Authority","Forests Ontario's 50 Million Tree Program","","9156","2020.259","13","36","1.1","1900","1900",""
"2020","Rideau Valley Conservation Authority","Forests Ontario's 50 Million Tree Program","","9158","2020.260","13","36","3.2","6400","6400",""
"2020","Rideau Valley Conservation Authority","Forests Ontario's 50 Million Tree Program","","9170","2020.261","13","36","6.8","13700","13700",""
"2020","Rideau Valley Conservation Authority","Forests Ontario's 50 Million Tree Program","","9177","2020.262","13","36","34.5","69000","69000",""
"2020","Rideau Valley Conservation Authority","Forests Ontario's 50 Million Tree Program","","9200","2020.263","13","36","1.1","2200","2200",""
"2020","Rideau Valley Conservation Authority","Forests Ontario's 50 Million Tree Program","","9205","2020.264","13","36","2.5","5000","5000",""
"2020","Rideau Valley Conservation Authority","Forests Ontario's 50 Million Tree Program","","9212","2020.265","13","36","6.0","12000","12000",""
"2020","Rideau Valley Conservation Authority","Forests Ontario's 50 Million Tree Program","","9229","2020.266","13","36","2.4","4800","4800",""
"2020","Rideau Valley Conservation Authority","Forests Ontario's 50 Million Tree Program","","9246","2020.267","13","36","2.0","4000","4000",""
"2020","Rideau Valley Conservation Authority","Forests Ontario's 50 Million Tree Program","","9267","2020.268","13","36","1.0","1800","1800",""
"2020","Rideau Valley Conservation Authority","Forests Ontario's 50 Million Tree Program","","9268","2020.269","13","36","1.0","1500","1500",""
"2020","Rideau Valley Conservation Authority","Forests Ontario's 50 Million Tree Program","","9269","2020.270","13","36","1.1","1600","1600",""
"2020","Rideau Valley Conservation Authority","Forests Ontario's 50 Million Tree Program","","9303","2020.271","13","36","2.6","5250","5250",""
"2020","Rideau Valley Conservation Authority","Forests Ontario's 50 Million Tree Program","","9305","2020.272","13","36","3.0","6000","6000",""
"2020","Rideau Valley Conservation Authority","Forests Ontario's 50 Million Tree Program","","9310","2020.273","13","36","4.2","8400","8400",""
"2020","Rideau Valley Conservation Authority","Forests Ontario's 50 Million Tree Program","","9312","2020.274","13","36","0.3","900","900",""
"2020","Rideau Valley Conservation Authority","Forests Ontario's 50 Million Tree Program","","9313","2020.275","13","36","1.6","3200","3200",""
"2020","Rideau Valley Conservation Authority","Forests Ontario's 50 Million Tree Program","","9493","2020.486","13","36","27.5","13500","13500",""
"2020","Saugeen Conservation","Forests Ontario's 50 Million Tree Program","","9366","2020.340","13","32","0.81","1400","1400",""
"2020","Saugeen Conservation","Forests Ontario's 50 Million Tree Program","","9368","2020.341","13","32","2.8","4900","4900",""
"2020","Saugeen Conservation","Forests Ontario's 50 Million Tree Program","","9371","2020.343","13","32","1.6","2800","2800",""
"2020","Saugeen Conservation","Forests Ontario's 50 Million Tree Program","","9372","2020.344","13","32","2.0","3500","3500",""
"2020","Saugeen Conservation","Forests Ontario's 50 Million Tree Program","","9373","2020.345","13","32","1.72","2000","2000",""
"2020","Saugeen Conservation","Forests Ontario's 50 Million Tree Program","","9374","2020.346","13","32","1.62","2500","2500",""
"2020","Saugeen Conservation","Forests Ontario's 50 Million Tree Program","","9483","2020.483","13","32","1.4","2500","2500",""
"2020","South Nation River Conservation Authority","Forests Ontario's 50 Million Tree Program","","8951","2020.003","13","36","0.7","870","870",""
"2020","South Nation River Conservation Authority","Forests Ontario's 50 Million Tree Program","","8953","2020.015","13","36","1.0","2000","2000",""
"2020","South Nation River Conservation Authority","Forests Ontario's 50 Million Tree Program","Highway of Heroes","8954","2020.016","13","36","1.25","2000","2000",""
"2020","South Nation River Conservation Authority","Forests Ontario's 50 Million Tree Program","","8955","2020.017","13","36","1.0","2000","2000",""
"2020","South Nation River Conservation Authority","Forests Ontario's 50 Million Tree Program","","8956","2020.018","13","36","1.0","2500","2500",""
"2020","South Nation River Conservation Authority","Forests Ontario's 50 Million Tree Program","Highway of Heroes","8957","2020.019","13","36","1.0","2000","2000",""
"2020","South Nation River Conservation Authority","Forests Ontario's 50 Million Tree Program","Highway of Heroes","8958","2020.020","13","36","8.65","16300","16300",""
"2020","South Nation River Conservation Authority","Forests Ontario's 50 Million Tree Program","Highway of Heroes","8959","2020.021","14","36","2.43","4450","4450",""
"2020","South Nation River Conservation Authority","Forests Ontario's 50 Million Tree Program","","8960","2020.022","14","36","0.9","1300","1300",""
"2020","South Nation River Conservation Authority","Forests Ontario's 50 Million Tree Program","","8961","2020.023","13","36","0.95","1600","1600",""
"2020","South Nation River Conservation Authority","Forests Ontario's 50 Million Tree Program","","8962","2020.024","13","36","0.3","500","500",""
"2020","South Nation River Conservation Authority","Forests Ontario's 50 Million Tree Program","","8980","2020.025","13","36","1.0","2000","2000",""
"2020","South Nation River Conservation Authority","Forests Ontario's 50 Million Tree Program","","8981","2020.026","13","36","3.27","6000","6000",""
"2020","South Nation River Conservation Authority","Forests Ontario's 50 Million Tree Program","Highway of Heroes","8982","2020.027","13","36","1.0","2000","2000",""
"2020","South Nation River Conservation Authority","Forests Ontario's 50 Million Tree Program","","8983","2020.028","13","36","3.2","6080","6080",""
"2020","South Nation River Conservation Authority","Forests Ontario's 50 Million Tree Program","","8987","2020.030","13","36","3.65","6390","6390",""
"2020","South Nation River Conservation Authority","Forests Ontario's 50 Million Tree Program","Highway of Heroes","9020","2020.066","13","36","0.68","1300","1300",""
"2020","South Nation River Conservation Authority","Forests Ontario's 50 Million Tree Program","","9087","2020.084","13","36","0.94","1950","1950",""
"2020","South Nation River Conservation Authority","Forests Ontario's 50 Million Tree Program","","9088","2020.125","13","36","1.625","3000","3000",""
"2020","South Nation River Conservation Authority","Forests Ontario's 50 Million Tree Program","Highway of Heroes","9537","2020.526","13","36","0.44","800","800",""
"2020","South Nation River Conservation Authority","Forests Ontario's 50 Million Tree Program","","9562","2020.557","13","36","0.86","1150","1150",""
"2020","South Nation River Conservation Authority","Forests Ontario's 50 Million Tree Program","","9579","2020.578","13","36","0.4","800","800",""
"2020","St. Clair Region Conservation","Forests Ontario's 50 Million Tree Program","Highway of Heroes","9179","2020.403","13","38","0.4","840","840",""
"2020","St. Clair Region Conservation","Forests Ontario's 50 Million Tree Program","","9181","2020.404","13","37","0.996","1210","1210",""
"2020","St. Clair Region Conservation","Forests Ontario's 50 Million Tree Program","","9184","2020.405","13","38","1.4","3020","3020",""
"2020","St. Clair Region Conservation","Forests Ontario's 50 Million Tree Program","","9256","2020.406","13","38","0.93","1860","1860",""
"2020","St. Clair Region Conservation","Forests Ontario's 50 Million Tree Program","","9259","2020.407","13","38","0.36","720","720",""
"2020","St. Clair Region Conservation","Forests Ontario's 50 Million Tree Program","","9393","2020.408","13","38","1.96","3980","3980",""
"2020","St. Clair Region Conservation","Forests Ontario's 50 Million Tree Program","Highway of Heroes","9395","2020.409","13","37","0.263","530","530",""
"2020","St. Clair Region Conservation","Forests Ontario's 50 Million Tree Program","","9399","2020.410","13","38","0.38","760","760",""
"2020","St. Clair Region Conservation","Forests Ontario's 50 Million Tree Program","","9401","2020.411","13","38","0.5","1050","1050",""
"2020","St. Clair Region Conservation","Forests Ontario's 50 Million Tree Program","","9406","2020.412","13","38","0.315","630","630",""
"2020","St. Clair Region Conservation","Forests Ontario's 50 Million Tree Program","","9172","2020.413","13","38","2.0","2000","2000",""
"2020","St. Clair Region Conservation","Forests Ontario's 50 Million Tree Program","","8992","2020.429","13","38","1.29","2580","2580",""
"2020","St. Clair Region Conservation","Forests Ontario's 50 Million Tree Program","","9180","2020.430","13","38","2.19","4370","4370",""
"2020","St. Clair Region Conservation","Forests Ontario's 50 Million Tree Program","","9187","2020.431","13","37","0.48","960","960",""
"2020","St. Clair Region Conservation","Forests Ontario's 50 Million Tree Program","Highway of Heroes","9171","2020.437","13","37","1.995","4000","4000",""
"2020","St. Clair Region Conservation","Forests Ontario's 50 Million Tree Program","Highway of Heroes","9189","2020.438","13","37","1.015","2020","2020",""
"2020","St. Clair Region Conservation","Forests Ontario's 50 Million Tree Program","","9193","2020.439","13","38","3.33","6650","6650",""
"2020","St. Clair Region Conservation","Forests Ontario's 50 Million Tree Program","Highway of Heroes","9198","2020.440","13","38","2.245","4500","4500",""
"2020","St. Clair Region Conservation","Forests Ontario's 50 Million Tree Program","","9206","2020.449","13","38","1.1","2200","2200",""
"2020","St. Clair Region Conservation","Forests Ontario's 50 Million Tree Program","","9243","2020.450","13","38","1.605","3210","3210",""
"2020","St. Clair Region Conservation","Forests Ontario's 50 Million Tree Program","","9549","2020.547","13","38","0.42","840","840",""
"2020","St. Clair Region Conservation","Forests Ontario's 50 Million Tree Program","Highway of Heroes","9550","2020.548","13","38","0.83","1660","1660",""
"2020","St. Clair Region Conservation","Forests Ontario's 50 Million Tree Program","","9583","2020.575","13","38","0.302","610","610",""
"2020","Stephen Pitt Forestry Consulting","Forests Ontario's 50 Million Tree Program","Highway of Heroes","9044","2020.068","14","36","1.6","0","3000",""
"2020","Stephen Pitt Forestry Consulting","Forests Ontario's 50 Million Tree Program","Highway of Heroes","9047","2020.069","14","36","3.2","0","6000",""
"2020","Stephen Pitt Forestry Consulting","Forests Ontario's 50 Million Tree Program","Highway of Heroes","9048","2020.070","14","36","1.17","0","2400",""
"2020","Stephen Pitt Forestry Consulting","Forests Ontario's 50 Million Tree Program","Highway of Heroes","9052","2020.071","14","36","1.06","0","2000",""
"2020","Stephen Pitt Forestry Consulting","Forests Ontario's 50 Million Tree Program","Highway of Heroes","9053","2020.072","14","36","2.77","0","5200",""
"2020","Stephen Pitt Forestry Consulting","Forests Ontario's 50 Million Tree Program","Highway of Heroes","9054","2020.073","14","36","1.17","0","3400",""
"2020","Stephen Pitt Forestry Consulting","Forests Ontario's 50 Million Tree Program","Highway of Heroes","9055","2020.074","14","36","1.5","0","2800",""
"2020","Stephen Pitt Forestry Consulting","Forests Ontario's 50 Million Tree Program","Highway of Heroes","9056","2020.075","13","36","1.12","2100","2100",""
"2020","Stephen Pitt Forestry Consulting","Forests Ontario's 50 Million Tree Program","Highway of Heroes","9057","2020.076","14","36","1.6","0","3000",""
"2020","Stephen Pitt Forestry Consulting","Forests Ontario's 50 Million Tree Program","Highway of Heroes","9064","2020.077","14","36","1.17","0","2200",""
"2020","Stephen Pitt Forestry Consulting","Forests Ontario's 50 Million Tree Program","Highway of Heroes","9102","2020.105","14","36","1.6","0","3000",""
"2020","Stephen Pitt Forestry Consulting","Forests Ontario's 50 Million Tree Program","Highway of Heroes","9109","2020.107","14","36","1.0","0","2000",""
"2020","Stephen Pitt Forestry Consulting","Forests Ontario's 50 Million Tree Program","Highway of Heroes","9152","2020.143","14","36","5.6","0","10000",""
"2020","Sustainable Resources","Forests Ontario's 50 Million Tree Program","","9517","2020.528","13","36","3.0","6000","6000",""
"2020","Sustainable Resources","Forests Ontario's 50 Million Tree Program","Highway of Heroes","9519","2020.529","13","36","2.41","5000","5000",""
"2020","Toronto and Region Conservation Authority","Forests Ontario's 50 Million Tree Program","Highway of Heroes","9017","2020.101","13","34","1.55","3100","3100",""
"2020","Toronto and Region Conservation Authority","Forests Ontario's 50 Million Tree Program","Highway of Heroes","9031","2020.102","13","34","0.596","1600","1600",""
"2020","Toronto and Region Conservation Authority","Forests Ontario's 50 Million Tree Program","Highway of Heroes","9090","2020.126","13","34","1.67","500","500",""
"2020","Toronto and Region Conservation Authority","Forests Ontario's 50 Million Tree Program","Highway of Heroes","9091","2020.127","13","34","0.63","500","500",""
"2020","Toronto and Region Conservation Authority","Forests Ontario's 50 Million Tree Program","Highway of Heroes","9278","2020.211","13","34","0.77","1000","1000",""
"2020","Toronto and Region Conservation Authority","Forests Ontario's 50 Million Tree Program","Highway of Heroes","9165","2020.293","13","34","2.48","1700","1700",""
"2020","Toronto and Region Conservation Authority","Forests Ontario's 50 Million Tree Program","Highway of Heroes","9334","2020.295","13","34","3.34","6000","6000",""
"2020","Toronto and Region Conservation Authority","Forests Ontario's 50 Million Tree Program","Highway of Heroes","9337","2020.310","13","34","6.17","11400","11400",""
"2020","Toronto and Region Conservation Authority","Forests Ontario's 50 Million Tree Program","Highway of Heroes","9331","2020.348","13","34","2.04","3500","3500",""
"2020","Toronto and Region Conservation Authority","Forests Ontario's 50 Million Tree Program","Highway of Heroes","9379","2020.349","13","34","0.66","1400","1400",""
"2020","Toronto and Region Conservation Authority","Forests Ontario's 50 Million Tree Program","Highway of Heroes","9381","2020.350","13","34","0.67","500","500",""
"2020","Toronto and Region Conservation Authority","Forests Ontario's 50 Million Tree Program","Highway of Heroes","9032","2020.361","13","34","4.158","8750","8750",""
"2020","Toronto and Region Conservation Authority","Forest Recovery Canada","","9407","2020.378","10","34","5.9","5000","5000",""
"2020","Toronto and Region Conservation Authority","Forests Ontario's 50 Million Tree Program","Highway of Heroes","9332","2020.420","13","34","0.52","1000","1000",""
"2020","Toronto and Region Conservation Authority","Forests Ontario's 50 Million Tree Program","Highway of Heroes","9022","2020.425","13","34","0.413","750","750",""
"2020","Toronto and Region Conservation Authority","Forests Ontario's 50 Million Tree Program","Highway of Heroes","9529","2020.520","13","34","0.62","1310","1310",""
"2020","Upper Thames River Conservation Authority","Forests Ontario's 50 Million Tree Program","","9035","2020.276","13","32","1.7","2600","2600",""
"2020","Upper Thames River Conservation Authority","Forests Ontario's 50 Million Tree Program","","9038","2020.277","13","32","0.33","500","500",""
"2020","Upper Thames River Conservation Authority","Forests Ontario's 50 Million Tree Program","","9232","2020.278","13","32","1.3","1900","1900",""
"2020","Upper Thames River Conservation Authority","Forests Ontario's 50 Million Tree Program","Highway of Heroes","8984","2020.279","13","37","1.4","2100","2100",""
"2020","Upper Thames River Conservation Authority","Forests Ontario's 50 Million Tree Program","Highway of Heroes","9010","2020.280","13","37","2.0","3000","3000",""
"2020","Upper Thames River Conservation Authority","Forests Ontario's 50 Million Tree Program","Highway of Heroes","9036","2020.281","13","37","0.48","750","750",""
"2020","Upper Thames River Conservation Authority","Forests Ontario's 50 Million Tree Program","Highway of Heroes","9174","2020.282","13","37","0.91","1350","1350",""
"2020","Upper Thames River Conservation Authority","Forests Ontario's 50 Million Tree Program","Highway of Heroes","9237","2020.283","13","37","0.94","1500","1500",""
"2020","Upper Thames River Conservation Authority","Forests Ontario's 50 Million Tree Program","Highway of Heroes","9175","2020.284","13","37","0.33","500","500",""
"2020","Upper Thames River Conservation Authority","Forests Ontario's 50 Million Tree Program","Highway of Heroes","9037","2020.347","13","37","0.84","1250","1250",""
"2020","Upper Thames River Conservation Authority","Forests Ontario's 50 Million Tree Program","","9503","2020.501","13","32","0.4","600","600",""
"2020","Westwind Forest Stewardship Inc","Forests Ontario's 50 Million Tree Program","","9499","2020.511","13","29","0.5","500","500",""
"2020","Westwind Forest Stewardship Inc","Forests Ontario's 50 Million Tree Program","","9518","2020.512","13","34","2.0","2500","2500",""
"2020","Westwind Forest Stewardship Inc","Forests Ontario's 50 Million Tree Program","","9574","2020.570","13","31","1.0","1000","1000",""
"2020","Williams & Associates, Forestry Consulting Ltd.","Forests Ontario's 50 Million Tree Program","Highway of Heroes","9167","2020.154","13","34","1.8","3060","3060",""
"2020","Williams & Associates, Forestry Consulting Ltd.","Forests Ontario's 50 Million Tree Program","","9346","2020.312","13","32","1.0","2200","2200",""
"2020","Williams & Associates, Forestry Consulting Ltd.","Forests Ontario's 50 Million Tree Program","Highway of Heroes","9544","2020.535","13","32","3.95","7900","7900",""
"2020","Williams & Associates, Forestry Consulting Ltd.","Forests Ontario's 50 Million Tree Program","Highway of Heroes","9584","2020.579","13","32","0.7","1300","1360",""
